genre,master_genre
rock,rock
classic rock,rock
album rock,rock
hard rock,rock
hip hop,rap
rap,rap
soft rock,rock
mellow gold,rock
conscious hip hop,rap
alternative metal,metal
progressive rock,rock
gangster rap,rap
heartland rock,rock
east coast hip hop,rap
pop rap,rap
symphonic rock,rock
nu metal,metal
alternative rock,rock
yacht rock,rock
art rock,rock
permanent wave,rock
psychedelic rock,rock
post-grunge,rock
edm,electronic
blues rock,rock
hardcore hip hop,rap
west coast rap,rap
complextro,electronic
brazilian hip hop,rap
glam metal,rock
grunge,rock
modern rock,rock
gaming edm,electronic
chillstep,electronic
supergroup,rock
queens hip hop,rap
classic japanese jazz,jazz
lo-fi vgm,
bossa nova,latin
pop dance,
electro house,electronic
brostep,electronic
country rock,rock
southern rock,rock
metal,metal
filthstep,electronic
pop,indie
downtempo,
modern blues rock,rock
electric blues,rock
modern hard rock,rock
chillhop,rap
jazz rap,jazz
japanese chillhop,rap
classical,classical
instrumental hip hop,rap
ambeat,rap
g funk,rap
violao,latin
mpb,latin
japanese old school hip hop,rap
rap metal,metal
singer-songwriter,rock
brazilian jazz,jazz
trap,rap
japanese jazz fusion,jazz
jazz guitar,jazz
swamp rock,rock
samba,latin
melodic dubstep,electronic
boom bap brasileiro,rap
japanese jazz,jazz
samba-jazz,jazz
blues,rock
jazz,jazz
folk rock,rock
classical guitar,classical
new wave pop,rock
dancefloor dnb,
southern hip hop,rap
brazilian reggae,latin
rap nacional antigo,rap
latin classical,latin
acid rock,rock
candy pop,indie
synthwave,electronic
instrumental rock,rock
velha guarda,latin
italian pop,italian
indie rock italiano,italian
garage rock,indie
mexican classic rock,rock
lo-fi study,
progressive electro house,electronic
texas blues,rock
bebop,jazz
pop punk,rock
indietronica,indie
dance pop,indie
underground hip hop,rap
scorecore,japanese
chillsynth,electronic
pixie,rock
pop emo,rock
pixel,
house,electronic
lo-fi beats,rap
hard bop,jazz
japanese jazztronica,jazz
progressive house,electronic
detroit hip hop,rap
canadian rock,rock
atl hip hop,rap
indie pop rap,rap
british invasion,rock
otacore,japanese
christian alternative rock,rock
substep,electronic
christian rock,rock
british blues,rock
synthpop,rock
canadian metal,metal
glam rock,rock
electropop,indie
oakland hip hop,
post-romantic era,classical
sheffield indie,indie
choro,latin
chicago rap,rap
proto-metal,metal
pop edm,electronic
uk dance,electronic
tropical house,electronic
violao classico,
classical era,classical
north carolina hip hop,
stoner rock,rock
sacramento indie,indie
early romantic era,classical
new romantic,rock
guitarra clasica,
trap brasileiro,latin
contemporary post-bop,jazz
political hip hop,
r&b,rap
jam band,rock
indie game soundtrack,japanese
vgm remix,
flute rock,rock
canadian electronic,electronic
future garage,electronic
canterbury scene,rock
afrofuturismo brasileiro,latin
synth prog,
dubstep,electronic
vgm instrumental,
flamenco guitar,latin
indie soul,soul
dutch house,electronic
canadian pop,indie
dance rock,rock
soul,soul
rock drums,rock
swedish electropop,indie
glitch,electronic
jazz saxophone,jazz
spacewave,electronic
late romantic era,classical
canadian ccm,rock
classical guitar quartet,classical
stoner metal,metal
palm desert scene,rock
funk metal,metal
power pop,rock
speedrun,electronic
russian romanticism,classical
vocal jazz,jazz
cool jazz,jazz
spanish classical,classical
nu disco,electronic
filter house,electronic
baroque,classical
early music,classical
australian dance,electronic
canadian hip hop,rap
early modern classical,classical
electronic trap,electronic
flamenco,latin
metropopolis,indie
aussietronica,electronic
brazilian classical,
boy band,
rumba,latin
rap mineiro,rap
indie rock,indie
ukrainian classical,classical
dubstep product,electronic
piano rock,indie
rap rock,rock
tropicalia,
neo soul,soul
pop rock,indie
impressionism,classical
pop rap brasileiro,
drum and bass,
lo-fi product,
australian indie,
rap df,
jazz piano,jazz
alternative hip hop,rap
jazz trumpet,jazz
chillwave,indie
polish classical,classical
urban contemporary,rap
rap baiano,latin
europop,
scottish rock,indie
neo mellow,indie
future funk,electronic
melodic rap,rap
motown,rap
danish electronic,electronic
german baroque,classical
disco,rap
swedish synthpop,indie
classic dubstep,electronic
brazilian rock,latin
bristol electronic,electronic
modern blues,rock
slap house,
japanese r&b,soul
nwobhm,metal
contemporary r&b,soul
shimmer pop,indie
polca paraguaya,latin
big room,electronic
darksynth,electronic
australian electropop,indie
glitch hop,electronic
new jack swing,rap
japanese math rock,japanese
funk carioca,latin
japanese vgm,japanese
swedish pop,
new wave,rock
vapor twitch,electronic
manguebeat,
spiritual jazz,jazz
neoclassicism,classical
alternative dance,indie
wonky,electronic
breakbeat,electronic
neo-synthpop,indie
soul jazz,jazz
german romanticism,
electronica,electronic
electra,electronic
anime lo-fi,
chiptune,japanese
protopunk,rock
uk pop,indie
philly rap,rap
gauze pop,indie
escape room,indie
classic canadian rock,rock
focus beats,
birmingham metal,metal
japanese post-rock,japanese
uk doom metal,metal
detroit rock,
jazz funk,jazz
dirty south rap,rap
deep underground hip hop,rap
neurofunk,
indie poptimism,indie
alternative rl
romantico,rock
electro,electronic
sky room,electronic
early avant garde,classical
j-reggae,japanese
dutch dnb,
jazz trio,jazz
alt z,
free jazz,jazz
folk,rock
bronx hip hop,rap
hi-nrg,rock
jazz drums,jazz
british soul,soul
shred,metal
merseybeat,rock
fado,
swedish indie pop,indie
deep dnb,
bass trap,electronic
progressive trance,electronic
punk,rock
roots rock,rock
purple sound,electronic
swedish soul,soul
italian baroque,classical
uk funky,electronic
funk,rap
deep tropical house,electronic
miami hip hop,rap
ambient idm,electronic
moombahton,electronic
melbourne bounce,electronic
melancholia,indie
classic soul,soul
dance-punk,indie
belgian edm,electronic
german metal,metal
german rock,rock
deep euro house,electronic
german hard rock,rock
samba de roda,latin
lo-fi jazzhop,jazz
future bass,
oceania soundtrack,japanese
oxford indie,indie
minimal tech house,electronic
modern alternative rock,rock
socal pop punk,rock
trance,electronic
mexican classical,latin
nightrun,electronic
uk contemporary r&b,soul
latin afrobeat,latin
afrobeat brasileiro,latin
ohio hip hop,
canadian contemporary r&b,soul
emo rap,rap
jazz fusion,jazz
modern power pop,indie
dutch edm,electronic
accordeon,jazz
brazilian boogie,latin
video game music,japanese
brazilian soul,latin
australian pop,
jazz blues,jazz
garage rock revival,rock
skate punk,metal
uk house,electronic
avant-garde jazz,jazz
german house,electronic
pov: indie,
big beat,electronic
quiet storm,rap
russian edm,
rock alternativo brasileiro,latin
deep disco house,electronic
hard rock brasileiro,latin
minimal techno,electronic
nova mpb,latin
viral trap,rap
deep house,electronic
afrofuturism,electronic
rock nacional brasileiro,latin
german techno,electronic
nantes indie,
pagode,latin
harlem hip hop,rap
electronic rock,
latin jazz,jazz
contemporary jazz,jazz
musica popular mineira,
cyberpunk,metal
vogue,electronic
microhouse,electronic
one-person band,indie
ottawa indie,indie
brazilian edm,latin
new jersey rap,rap
deep groove house,electronic
chill pop,
fidget house,electronic
meme,
gaming dubstep,electronic
eurodance,
christian music,metal
traditional blues,rock
gamecore,japanese
guitarra argentina,latin
city pop,
ska,
punk blues,indie
classic city pop,
girl group,indie
hyperpop,indie
trip hop,electronic
experimental hip hop,rap
jazz double bass,jazz
vapor soul,indie
indie electropop,indie
lounge,rock
lo-fi sleep,
german hip hop,
german dance,electronic
baroque pop,indie
australian rock,
smooth jazz,jazz
piano mpb,latin
australian psych,
choro contemporaneo,
melodic house,
northern soul,rap
electric bass,jazz
jazz quartet,jazz
japanese soul,japanese
spectra,
cali rap,rap
nu jazz,jazz
uk alternative pop,indie
rock-and-roll,rock
jazz boom bap,rap
future house,electronic
axe,latin
funk ostentacao,latin
melbourne bounce international,electronic
funktronica,
etherpop,indie
rockabilly,rock
swedish hip hop,
comedy rap,japanese
liquid funk,
afrobeat,rap
rage rap,
madchester,indie
medieval,classical
samba-enredo,latin
cedm,metal
mississippi hip hop,
lo-fi brasileiro,
canadian singer-songwriter,rock
french romanticism,
pop rock brasileiro,
uplifting trance,electronic
proto-hyperpop,
pop nacional,latin
neo r&b,soul
danish pop,
organic house,
electro swing,electronic
hip pop,rap
soca,
christian hip hop,metal
vincy soca,
italo dance,
bandolim,
j-rock,japanese
underground rap,rap
art pop,indie
singer-songwriter pop,
drumless hip hop,
irish pop,indie
anime score,japanese
samba-rock,latin
boom bap,rap
jazztronica,electronic
classical guitar duo,classical
electrofox,indie
new french touch,electronic
japanese vocal jazz,jazz
neo-psychedelic,indie
la pop,indie
german pop,
austrian pop,
virginia hip hop,
acoustic guitar cover,
vaporwave,electronic
dutch r&b,soul
balkan beats,
sudanese pop,rap
progressive jazz fusion,jazz
dark r&b,soul
torch song,jazz
orchestral soundtrack,
old school hip hop,rap
edmonton indie,indie
instrumental acoustic guitar,electronic
vocal house,electronic
new rave,indie
livetronica,electronic
chicago blues,rock
urbano latino,
trap latino,latin
deep liquid,
ecm-style jazz,jazz
dream pop,indie
fingerstyle,electronic
pittsburgh rap,rap
reggaeton,latin
asian american hip hop,rap
golden age hip hop,
umbanda,latin
atl trap,rap
sleaze rock,rock
britpop,indie
big band,jazz
dutch trance,electronic
indie garage rock,indie
shakuhachi,electronic
talent show,indie
pop r&b,pop
experimental,indie
jazz cubano,jazz
swing,jazz
sertanejo universitario,latin
teen pop,indie
swedish indie rock,
french indie pop,
hamburg electronic,electronic
pagode novo,
straight-ahead jazz,jazz
jazz trombone,jazz
swedish hard rock,rock
soul blues,rock
funk rock,metal
adult standards,rock
industrial metal,metal
uk post-punk,indie
old school atlanta hip hop,
instrumental worship,
industrial rock,indie
tennessee hip hop,
brazilian emo,latin
lo-fi chill,rap
montreal indie,rap
brazilian punk,latin
memphis hip hop,rap
neurostep,
brighton indie,indie
hypertechno,
shiver pop,indie
french rock,
swiss pop,
french hip hop,
compositional ambient,electronic
swedish garage rock,
sophisti-pop,
la indie,indie
funk paulista,
chamber pop,indie
disco house,electronic
chicago house,electronic
irish singer-songwriter,indie
mashup,electronic
old school rap francais,
scottish electronic,electronic
samba paulista,
norrlandsk hip hop,
nashville sound,
uk alternative hip hop,rap
czech electronic,electronic
anime rap,
harlem renaissance,
trap carioca,
greek indie,
baton rouge rap,rap
uk hip hop,rap
southern soul,rap
hip hop tuga,
swedish synth,indie
stomp pop,indie
euphoric hardstyle,
classic hardstyle,
boogaloo,latin
latin hip hop,latin
soundtrack,japanese
instrumental funk,rap
chill out,
musica tradicional cubana,
afro-cuban percussion,
cuban rumba,latin
puerto rican pop,latin
psychedelic hip hop,rap
classical jazz fusion,jazz
deep dubstep,electronic
popwave,electronic
zolo,rock
spiritual hip hop,rap
bass house,electronic
neon pop punk,rock
phonk brasileiro,
seattle hip hop,
christian dance,metal
funk das antigas,latin
brooklyn indie,indie
tech house,electronic
uk bass,
japanese alternative rock,japanese
drill,rap
dfw rap,rap
surf music,rock
noise pop,indie
crunk,rap
jazz rock,jazz
darkstep,
instrumental bluegrass,rock
reggae,
funk mtg,
progressive metal,metal
rochester mn indie,indie
african-american classical,
japanese indie pop,japanese
irish rock,indie
nordic house,electronic
intelligent dance music,electronic
australian hip hop,
bass music,electronic
ambient worship,metal
bow pop,electronic
grime,rap
speed metal,metal
jazz orchestra,jazz
post-teen pop,indie
lo-fi cover,
nz electronic,
meme rap,rap
instrumental grime,rap
viral pop,indie
pop violin,electronic
progressive psytrance,
saxophone house,
jungle,
new orleans rap,rap
jazz organ,jazz
coverchill,latin
christmas instrumental,electronic
uk dnb,
indie dream pop,indie
pop lgbtq+ brasileira,
reggae fusion,
korean instrumental,
london rap,rap
abstract beats,electronic
shoegaze,indie
neo-classical,electronic
relaxative,electronic
math rock,indie
italian romanticism,
roots reggae,
jazz guitar trio,jazz
hammond organ,jazz
italo disco,
deathstep,electronic
screamo,metal
lgbtq+ hip hop,rap
uk tech house,electronic
classify,electronic
indie surf,indie
belgian dance,
vapor pop,indie
american modern classical,classical
mallsoft,
psicodelia brasileira,
jump up,
pop soul,soul
agronejo,
funk pop,
atlanta bass,
p funk,rap
trap baiano,
kentucky hip hop,
lilith,rock
experimental pop,indie
jamtronica,electronic
traprun,electronic
stride,jazz
piano cover,electronic
norwegian pop,
rock gaucho,latin
barbadian pop,
portland hip hop,rap
leipzig electronic,electronic
indie jazz,jazz
swedish alternative rock,
finnish edm,electronic
channel islands indie,indie
epicore,japanese
norwegian house,
deep liquid bass,
j-ambient,electronic
nyc pop,indie
sunshine pop,rock
jazz flute,jazz
indie pop,indie
classic swedish pop,
melodic techno,electronic
indian edm,
modern dream pop,indie
stomp and holler,indie
ambient guitar,
dutch pop,
swedish electronic,electronic
swedish drill,
acoustic blues,rock
gym phonk,
nederpop,
swedish trap pop,
swedish trap,
background jazz,jazz
swedish gangsta rap,
gothenburg hip hop,
folk-pop,indie
modern jungle,
grave wave,indie
trap soul,rap
canadian trap,
lithuanian electronic,electronic
english indie rock,indie
jazz vibraphone,jazz
r&b brasileiro,soul
glam punk,rock
dutch prog,rock
dancehall,
memphis soul,soul
historic classical performance,classical
electropowerpop,metal
south carolina hip hop,
abstract hip hop,rap
spanish jazz,jazz
latin pop,latin
modern jazz piano,jazz
dusseldorf electronic,electronic
weirdcore,
cloud rap,
acoustic pop,indie
classic progressive house,electronic
krautrock,rock
vintage jazz,jazz
chicano rap,rap
dark techno,electronic
footwork,electronic
delta blues,rock
chill dream pop,
study beats,
german soundtrack,japanese
belgian pop,
nu skool breaks,electronic
acoustic rock,
indie anthem-folk,indie
rave,
wave,electronic
acid jazz,jazz
thrash metal,metal
brazilian indie,latin
german prog,
modern big band,jazz
deep uplifting trance,electronic
czech classical,
german trance,
rap feminino nacional,latin
minimal dnb,
jazz pop,jazz
minimal melodic techno,electronic
trap beats,
electro jazz,jazz
japanese psychedelic,metal
old school thrash,metal
swedish underground rap,
new orleans jazz,jazz
turntablism,rap
indie folk,indie
dutch indie,
italian techno,electronic
circuit,electronic
halftime dnb,
deep pop edm,electronic
nyc rap,rap
vocal trance,electronic
french indietronica,
scandipop,indie
chicago indie,indie
memphis blues,rock
dark clubbing,
canadian house,electronic
cosmic american,rock
trap queen,rap
country blues,rock
japanese alternative pop,
chill guitar,electronic
contemporary classical,electronic
progressive trance house,electronic
drift phonk,
native american traditional,
partido alto,latin
swedish techno,electronic
contemporary vocal jazz,jazz
british jazz,jazz
reggaeton colombiano,
athens indie,indie
south african pop,
tin pan alley,jazz
modern jazz trio,jazz
german jazz,jazz
chamber psych,indie
canadian punk,metal
italian lounge,
south african pop dance,
dreamo,metal
canadian electropop,indie
english baroque,classical
minimalism,electronic
dixieland,jazz
funk rj,
new italo disco,
swedish jazz,jazz
nu gaze,indie
slovenian electronic,electronic
japanese soundtrack,japanese
operatic pop,classical
swedish house,electronic
slovak electronic,
uk experimental electronic,electronic
austrian dnb,
baiao,latin
speed garage,electronic
tribal house,electronic
classic house,
psychedelic soul,soul
dark pop,
scottish hip hop,electronic
progressive uplifting trance,electronic
ai,
latin alternative,latin
cape town indie,
post-rock,indie
sertanejo,latin
kawaii future bass,electronic
coco,latin
hypnagogic pop,
post-punk,indie
gypsy jazz,jazz
hyphy,rap
classic uk pop,rock
dark trap,rap
trap funk,
french synthpop,
nz pop,indie
bassline,electronic
trap tuga,
canadian pop punk,rock
uk contemporary jazz,jazz
electro trash,electronic
lo-fi indie,
american contemporary classical,electronic
classic soundtrack,japanese
indie hip hop,
ccm,metal
albanian hip hop,
albanian pop,
kosovan pop,
sega mauricien,
drumfunk,
ragga jungle,
rap portuense,
sambass,
musica evangelica instrumental,
australian house,electronic
indie punk,indie
jangle pop,rock
organic electronic,electronic
post-disco,rap
norwegian classical,classical
japanese beats,
psychedelic pop,indie
ambient post-rock,
florida rap,rap
future rock,metal
lo-fi,indie
jazz harp,jazz
brisbane indie,
bubblegrunge,
deep techno,electronic
new age piano,
hardwave,
st louis rap,
guitarra andina,
russian modern classical,classical
australian talent show,
countrygaze,
witch house,indie
italian jazz,jazz
nice indie,
hardcore techno,
galante era,classical
bedroom pop,indie
british alternative rock,indie
new jersey indie,indie
ambient,electronic
plugg,
danish electropop,
roda de samba,latin
reggae rock,
futuristic swag,
easy listening,rock
german jazz rap,jazz
american post-rock,indie
instrumental post-rock,indie
vintage italian soundtrack,japanese
swedish tropical house,electronic
outlaw country,rock
australian reggae fusion,
swedish melodic rock,
rebel blues,indie
brazilian bass,
norwegian singer-songwriter,
rap kreyol,
battle rap,rap
florida drill,
world,
fourth world,electronic
glitter trance,electronic
covertronica,
chicago soul,soul
french shoegaze,metal
japanese prog,rock
popping,rap
italian progressive rock,rock
leicester indie,indie
auckland indie,indie
bitpop,indie
speed house,
country,
kiwi rock,indie
smooth saxophone,jazz
neo-singer-songwriter,indie
musica andina,
early us punk,indie
afropop,
finnish classical,classical
norwegian jazz,jazz
jazz accordion,jazz
colombian pop,latin
avant-garde,electronic
fictitious orchestra,
detroit trap,rap
rap cearense,
icelandic electronic,electronic
brazilian house,latin
k-pop,
bay area indie,indie
psychedelic trance,
funk consciente,
scandinavian r&b,
folk brasileiro,latin
munich electronic,electronic
french jazz,jazz
bossa nova jazz,jazz
futurepop,metal
gregorian dance,
japanese progressive house,electronic
hip house,
synth funk,rap
british indie rock,indie
finnish jazz,jazz
emo,metal
serbian electronic,electronic
movie tunes,japanese
celtic rock,
philly indie,indie
musica alagoana,
sleep,
canadian old school hip hop,
canadian indie,indie
beatlesque,rock
traditional rockabilly,rock
rock baiano,
experimental r&b,
dutch hip hop,
cinematic post-rock,indie
minneapolis sound,rap
italian soundtrack,japanese
harmonica blues,rock
danish hip hop,
nz hip hop,
psybreaks,
scratch,electronic
folktronica,indie
slam poetry,rap
bossa nova cover,latin
hands up,
riddim dubstep,electronic
native american contemporary,
swedish pop rap,
j-pop,japanese
popgaze,indie
classic country pop,
zambian hip hop,rap
miami bass,rap
rawstyle,
space age pop,rock
deep filthstep,electronic
lo-fi house,electronic
balearic,electronic
boston hip hop,rap
modern jangle pop,indie
modern reggae,
pagode baiano,latin
japanese electronic,electronic
bouncy house,
noise rock,indie
chanson,
idol,indie
lo-fi latino,
crank wave,
rhythm and blues,rock
industrial,indie
new age,
sudanese hip hop,
jazzy dnb,jazz
moldovan pop,
shibuya-kei,japanese
bubblegum pop,rock
uk garage,electronic
spacegrunge,
french tech house,
rock mineiro,
basshall,
chicago drill,rap
british modern classical,classical
rock brasiliense,
jazz cover,jazz
boston rock,indie
alternative roots rock,rock
puirt-a-beul,
gregorian chant,
hengelliset laulut,
korean electronic,
grime brasileiro,
nova musica carioca,
italian adult pop,
jordanian pop,
synthesizer,
australian r&b,
indiana hip hop,
pop house,
groove room,electronic
latin rock,latin
space rock,metal
anime,japanese
nintendocore,metal
deep smooth jazz,jazz
bubblegum dance,
cumbia pop,latin
ambient house,electronic
alternative country,rock
synthwave brasileiro,
finnish alternative rock,
italian classical guitar,
arab trap,electronic
atmospheric dnb,
minnesota hip hop,rap
el paso indie,indie
modern folk rock,indie
hawaiian hip hop,rap
irish classical,classical
ethio-jazz,jazz
canadian modern jazz,jazz
jazz violin,jazz
rock progressif francais,
arabic jazz,jazz
r&drill,
sludge metal,metal
belgian hip hop,
nz gangsta rap,
british singer-songwriter,indie
sound team,japanese
trombone brasileiro,
experimental rock,indie
ragtime,jazz
reggae tuga,
japanese classical,electronic
bboy,rap
denton tx indie,indie
pop nacional antigas,
brazilian contemporary classical,
australian alternative rock,
double drumming,
french pop,
variete francaise,
australian experimental,
drone,electronic
progressive sludge,metal
polish electronica,
pub rock,rock
samurai trap,
renaissance,classical
norwegian space disco,electronic
industrial pop,
dutch jazz,jazz
solo wave,
modern indie pop,
float house,electronic
middle earth,metal
progressive groove metal,metal
atlanta metal,
australian trap,
celtic,
canadian soundtrack,japanese
canadian classical,electronic
vaportrap,
modular synth,electronic
italian hip hop,italian
new orleans funk,rap
breaks,electronic
psych gaze,indie
russian synthpop,electronic
arkansas country,
manchester hip hop,rap
british folk,rock
christian metal,metal
baltic classical,electronic
indonesian hip hop,
chill lounge,electronic
rap chileno,latin
classic texas country,
newcastle indie,indie
slowcore,
alternative emo,metal
tango,latin
deep chill,electronic
anti-folk,indie
dark synthpop,
lullaby,electronic
pop electronico,
tropical alternativo,
cumbia,latin
nightcore,
sertanejo pop,latin
american shoegaze,indie
icelandic rock,electronic
australian alternative pop,
bosstown sound,
country dawn,
baltimore indie,indie
trancecore,metal
norwegian indie,
anthem emo,metal
east anglia indie,indie
forro,latin
contemporary country,
glitchbreak,
salsa,latin
norwegian hip hop,
jazz clarinet,jazz
romanian house,
romanian pop,
rock alternatif francais,
scottish jazz,jazz
japanese idm,electronic
japanese piano,
bc underground hip hop,rap
italian contemporary jazz,jazz
proto-techno,indie
japanese singer-songwriter,japanese
japanese folk,japanese
classic j-rock,japanese
trance brasileiro,
cante flamenco,latin
latin soundtrack,japanese
transpop,indie
kwaito,
rap catarinense,
neo-progressive,rock
psychedelic space rock,metal
free improvisation,jazz
calgary indie,indie
acid house,electronic
shimmer psych,indie
norwegian experimental,jazz
classic garage rock,rock
trap argentino,latin
rave funk,
swiss indie,
quebec indie,indie
uk dancehall,
psychedelic blues-rock,rock
rap conscient,
pop reggaeton,latin
garage psych,indie
deep tech house,electronic
asbury park indie,indie
instrumental soul,soul
french opera,classical
arrocha,
nottingham indie,indie
aussie emo,
armenian folk,
electro-pop francais,
afro house,
dutch experimental electronic,electronic
surf punk,indie
dancehall queen,
focus,electronic
icelandic indie,electronic
san diego rap,rap
classic italian pop,italian
high-tech minimal,
commons,japanese
pop ambient,
russian dnb,
ska punk,metal
finnish modern jazz,jazz
nu age,electronic
post-hardcore,indie
show tunes,japanese
hollywood,japanese
musica paraibana,
no beat,
houston rap,rap
dutch rap pop,
traditional funk,rap
welsh rock,indie
victoria bc indie,indie
a cappella,japanese
new americana,rock
lovers rock,
jazz brass,jazz
ukg revival,electronic
finnish electronic,electronic
deep idm,electronic
phonk,rap
deep minimal techno,electronic
mexican pop,latin
welsh indie,indie
ska mexicano,latin
experimental electronic,electronic
japanese house,
plug brasileiro,
experimental jazz,jazz
singeli,
groove metal,metal
german alternative rock,
sertanejo tradicional,latin
women's music,
british orchestra,
instrumental math rock,indie
underground boom bap,
australian surf rock,
happy hardcore,
hungarian underground rap,
german electronica,electronic
dmv rap,rap
australian garage punk,
austropop,
arkansas hip hop,
neue deutsche welle,indie
canadian psychedelic,rock
moog,rock
neo grime,
pre-war blues,
japanese guitar,
chill house,
vancouver indie,indie
raboday,
piano blues,rock
broken beat,rap
spytrack,rock
gaian doom,metal
neue deutsche harte,metal
pluggnb,
techno kayo,japanese
flick hop,rap
soul flow,soul
uk reggae,
new weird america,indie
brass band brasileiro,
german dnb,
peruvian rock,latin
diva house,electronic
miami indie,indie
windsor on indie,rock
reading indie,indie
philly soul,soul
seattle indie,indie
stateside dnb,
indian jazz,jazz
rhythm game,metal
deep funk house,
jazz house,jazz
violin,classical
belgian rock,
israeli pop,
electro latino,latin
japanese blues,
japanese ska,japanese
fremantle indie,
canadian classical piano,
argentine ambient,electronic
greek psychedelic rock,
spanish renaissance,classical
swedish eurodance,
french garage rock,
french stoner rock,
rhode island rap,
tunantada,
indie curitibano,latin
21st century classical,electronic
israeli jazz,jazz
portuguese indie,
puglia indie,electronic
ottawa rap,rap
french dnb,
dinner jazz,jazz
classic oklahoma country,
classic girl group,rock
hard alternative,metal
bmore,rap
trap triste,
argentine hip hop,latin
czech classical piano,
neo-kraut,indie
rock piauiense,
speed plug brasileiro,
japanese instrumental,japanese
york indie,indie
huayno,
microtonal,electronic
ambient pop,indie
american post-punk,
cello,classical
string duo,
japanese dream pop,japanese
small room,indie
rap inde,
freestyle,rap
uk americana,indie
berlin school,rock
alabama indie,indie
cascadia psych,
italian library music,japanese
comic,japanese
irish hip hop,rap
theme,japanese
viola caipira,latin
grunge pop,metal
garage pop,
oakland indie,indie
chill beats,electronic
charango,latin
experimental indie rock,
portuguese pop,
belfast indie,indie
northern irish indie,indie
rap abc paulista,
canadian post-punk,indie
austindie,indie
south african jazz,jazz
minimal wave,indie
french post-punk,indie
ukrainian contemporary classical,
ukrainian classical piano,
hardcore punk,metal
fake,electronic
icelandic jazz,jazz
portuguese rock,
dublin indie,indie
melodic hard rock,rock
alaska indie,rock
alternative americana,indie
icelandic pop,electronic
funk melody,
afroswing,
south african house,
gainesville indie,metal
indie psych-pop,indie
chicago punk,metal
chicago hardcore,metal
polish alternative rap,
afrobeats,
chill phonk,
classical performance,classical
classic peruvian pop,latin
drain,
grand rapids indie,metal
persian electronic,
action rock,indie
polish hip hop,
schranz,electronic
anglican liturgy,classical
choral,classical
reggaeton flow,latin
trap boricua,
canadian latin,latin
bolero,latin
abstract,electronic
chinese idol pop,
chinese hip hop,
malaysian pop,
birmingham indie,indie
nerdcore,japanese
experimental ambient,electronic
belgian indie,
nz dnb,
brit funk,rap
britcore,
san diego indie,indie
old school uk hip hop,
k-pop girl group,
kora,
mande pop,
mallet,electronic
malian blues,
musique mandingue,
brazilian modern jazz,jazz
musica yucateca,
trova,latin
cancion melodica,latin
ghent indie,
egg punk,
medway sound,indie
italian blues,electronic
buffalo ny indie,indie
arab folk,
oud,
danish electro,electronic
paisley underground,rock
dayton indie,indie
canadian country,
gothenburg indie,indie
hauntology,electronic
korean r&b,
south african gospel,
gen z singer-songwriter,
south african rock,
dub punk,
ambient folk,indie
rap paranaense,
horror synth,japanese
german pop rock,
musica rondoniense,
birmingham grime,rap
modern goth,
romanian electronic,electronic
dutch tech house,electronic
lo-fi rap,
dariacore,
cornwall indie,indie
chutney,
doo-wop,rock
rhode island indie,indie
laiko,
bath indie,metal
musica tocantinense,
nova musica pernambucana,
finnish indie,
oulu indie,
progressive bluegrass,rock
polish indie,
polish alternative,
greek guitar,classical
latin tek,
jamaican dancehall,
bedroom soul,soul
outer hip hop,latin
dreamgaze,indie
polynesian hip hop,
japanese vtuber,
salon music,
musica triste brasileira,latin
scottish indie,indie
balfolk,italian
russelater,
modern alternative pop,
solipsynthm,electronic
musica ayacuchana,latin
hard house,
latin viral pop,latin
indie rockism,indie
hopebeat,indie
canadian underground hip hop,
melodic hardcore,metal
indiecoustica,metal
pet calming,
screamocore,metal
grungegaze,
nuevo tango,latin
bandoneon,latin
portland indie,indie
chanson paillarde,
orlando indie,metal
rap angolano,
funana,
batida,electronic
novo rock gaucho,
washington indie,indie
wrestling,metal
classical trumpet,jazz
german reggae,
classic female blues,
belo horizonte indie,latin
ska revival,
funky house,
louisville underground,
finnish dance pop,
glitch pop,electronic
scottish singer-songwriter,rock
pop urbaine,
deep east coast hip hop,rap
laboratorio,electronic
indonesian pop,
danish metal,metal
danish rock,
uk pop punk,rock
elephant 6,
rap cristao,latin
dakke dak,
djent,metal
detroit trap brasileiro,
folklore boliviano,latin
tinku,
indonesian r&b,
acoustic cover,
german alternative rap,
deep german hip hop,
easycore,metal
collage pop,indie
brisbane punk,
rap canario,
portuguese jazz,jazz
korean trap,
brasilia indie,latin
funk viral,
brooklyn drill,
panamanian pop,latin
german boom bap,
korean jazz,jazz
sardinia indie,
lo star,indie
spanish pop,latin
german tech house,electronic
fluxwork,electronic
deconstructed club,
k-pop boy group,
english renaissance,classical
psicodelia chilena,
west end,japanese
vegas indie,indie
library music,rock
danish alternative rock,
ectofolk,rock
atlanta punk,
hardvapour,electronic
toronto indie,indie
batidao romantico,
bass trip,rap
sunnlensk tonlist,
turkish deep house,
turkish edm,electronic
workout product,
phoenix indie,japanese
broadway,japanese
man's orchestra,
discofox,
finnish progressive rock,
classic finnish rock,
north carolina roots,
north carolina indie,indie
g-house,
experimental folk,indie
san antonio indie,rock
louisiana blues,rock
sad lo-fi,
brill building pop,rock
trap italiana,italian
gymcore,metal
riot grrrl,indie
barrelhouse piano,
new orleans blues,rock
hip-hop experimental,
lo-fi emo,
american 21st century classical,electronic
frankfurt electronic,electronic
arrochadeira,
slavic folk metal,metal
polish folk metal,metal
polish metal,metal
slavic metal,metal
funk 150 bpm,
philly drill,
swiss house,electronic
sacred steel,rock
asheville indie,indie
saxophone trio,
italian tech house,electronic
andean flute,latin
kansas city hip hop,
folklore argentino,latin
folclore tucumano,
french baroque,classical
aesthetic rap,
jazz catala,jazz
danish techno,electronic
lute,classical
canadian psychedelic rock,indie
swedish country,
ballet class,classical
ok indie,indie
hamburg hip hop,
maga rap,
country road,
j-acoustic,japanese
indie r&b,rap
melodic metalcore,metal
doom metal,metal
orchestra,classical
power-pop punk,rock
shanty,metal
post-minimalism,electronic
bahamian pop,rap
art punk,indie
funk mandelao,
rap tuga underground,
space ambient,electronic
folklore peruano,latin
british contemporary classical,electronic
austrian hip hop,
slayer,metal
italian opera,classical
bachata,latin
canadian experimental,electronic
warm drone,electronic
rap baixada fluminense,
alternative pop rock,metal
bosnian electronic,metal
brazilian ska,latin
deep brazilian pop,latin
zouk,
exotica,rock
vintage french electronic,electronic
german underground rap,
icelandic experimental,electronic
icelandic singer-songwriter,
experimental vocal,indie
vintage swedish pop,
funk bh,latin
modern funk,rap
modern country rock,
japanese experimental,electronic
modern uplift,
celtic punk,
mod revival,rock
children's story,japanese
no wave,indie
breakcore,electronic
japanese electropop,japanese
j-pop girl group,japanese
j-idol,japanese
picopop,
austro-german modernism,electronic
venezuelan hip hop,latin
italian indie pop,italian
italian alternative,italian
indie folk italiano,italian
turin indie,italian
samba reggae,latin
post-metal,metal
drone metal,metal
pop flamenco,latin
viral rap,
scottish new wave,rock
jersey club,rap
synth punk,indie
jazz mexicano,jazz
post-screamo,metal
rap latina,latin
tempe indie,
virginia metal,metal
rap napoletano,italian
experimental big band,jazz
brazilian metal,metal
swedish blues,
indie extremena,
spanish rock,latin
drone rock,
diy emo,metal
melbourne indie,
metalcore,metal
japanese new wave,japanese
power metal,metal
eau claire indie,indie
canadian indigenous hip hop,
canadian indigenous music,
trap pesado,
nordic soundtrack,japanese
jump blues,rock
aggressive phonk,
beats,rap
braindance,electronic
beatboxing,rap
drill brasileiro,
industrial hip hop,rap
kizomba,
tassie indie,
social media pop,indie
music box,japanese
ukrainian electronic,electronic
ukrainian edm,
digital hardcore,indie
classical piano trio,classical
classic colombian pop,latin
urbano espanol,
japanese psychedelic rock,metal
scottish metal,metal
pirate,metal
british power metal,
comic metal,metal
chicago bop,
afro soul,soul
sesotho pop,
jazz metal,jazz
instrumental djent,
chinese electronic,electronic
swedish stoner rock,metal
okc indie,indie
rap pernambucano,
metal guitar,metal
cologne hip hop,
turkish hip hop,
uk stoner rock,metal
australian shoegaze,indie
cabaret,jazz
vintage hollywood,jazz
vintage chanson,
modern ska punk,metal
grebo,
british soundtrack,japanese
brazilian percussion,latin
alabama rap,rap
german opera,classical
austin metal,
flint hip hop,
chill r&b,
italian renaissance,classical
instrumental stoner rock,metal
piedmont blues,rock
experimental guitar,
swing revival,jazz
turkish trap,
nouvelle chanson francaise,
stomp and flutter,indie
pop folk,indie
uk metalcore,metal
lithuanian edm,
country rap,
ghanaian hip hop,
tribute,
danspunk,
uk post-hardcore,metal
west coast trap,rap
boston metal,metal
musica colombiana instrumental,latin
musica andina colombiana,
brass band,rap
german cloud rap,
rap maromba,
belly dance,
wu fam,rap
canadian celtic,
redneck,
metal cover,
symphonic metal,metal
uk post-punk revival,indie
brutal prog,
avant-prog,
uk noise rock,indie
bergen indie,
scream rap,rap
horrorcore,metal
swiss trap,
tagalog worship,metal
ukrainian viral pop,
atlanta indie,indie
dutch indie rock,
ghettotech,electronic
idol kayo,
j-metal,japanese
raw techno,electronic
antiviral pop,japanese
nigerian pop,
deep flow,rap
instrumental surf,rock
remix brasileiro,
melodic metal,metal
finnish power metal,metal
gothic symphonic metal,metal
finnish metal,metal
flamenco urbano,latin
russian contemporary classical,electronic
konsrock,
jovem guarda,latin
korean ost,
pinoy hip hop,
pianissimo,
israeli rock,
dutch rock,
indonesian jazz,jazz
deathcore,metal
japanese post-hardcore,japanese
japanese punk rock,japanese
japanese emo,japanese
old school dancehall,
deep ragga,
deep free jazz,jazz
saskatchewan indie,indie
guitarra mexicana,
midwest emo,metal
canzone napoletana,italian
bolero mexicano,
ranchera,latin
zouk riddim,
classic j-pop,
samba moderno,
brazilian punk rock,latin
virgin islands reggae,
neoclassical darkwave,metal
bouzouki,
neo kyma,
classic greek pop,
greek contemporary classical,
vocal harmony group,rock
italian underground hip hop,italian
rap italiano old school,
italian tenor,classical
classical tenor,classical
deboxe,
electronica peruana,
canadian blues,rock
chilean rock,latin
indie cordoba,latin
argentine indie,latin
swedish idol pop,
indonesian city pop,
folk siciliana,classical
anime drill,
8-bit,japanese
japanese contemporary classical,
anarcho-punk,metal
pittsburgh rock,indie
christian hardcore,metal
american metalcore,metal
vancouver punk,metal
k-rap,
southampton indie,indie
iowa indie,rock
speed up brasileiro,
suomirap,
finnish hip hop,
rock keyboard,
west australian hip hop,
kayokyoku,japanese
nz singer-songwriter,indie
operetta,classical
rap cristiano,metal
bounce,rap
slushwave,
australian metalcore,metal
spanish techno,electronic
tropical,latin
melodic death metal,metal
swedish death metal,metal
death metal,metal
swedish melodeath,
swedish metal,metal
indonesian indie,
indonesian indie pop,
japanese teen pop,
musical advocacy,indie
dark post-punk,indie
japanese underground rap,
children's music,japanese
brazilian dnb,
polish contemporary classical,electronic
south african alternative,
south african hip hop,
african rock,
musica maranhense,
oc rap,
tecnobrega,
musica popular paraense,latin
karaoke,
covertrance,
alabama metal,metal
varmland rock,
deathgrass,rock
gothabilly,rock
psychobilly,rock
bubble trance,
boston indie,indie
nl folk,
tone,
cypriot hip hop,
gym hardstyle,
milwaukee hip hop,rap
utopian virtual,
electroclash,indie
swedish hardcore,metal
vegan straight edge,metal
mbalax,
swedish post-hardcore,metal
umea hardcore,
korean pop,
welsh metal,metal
post-doom metal,metal
minimal dubstep,electronic
german indie,
banjo,rock
boston electronic,
military rap,
italian bass,classical
melodic groove metal,metal
scottish hush,
musica antigua,classical
spanish baroque,classical
chinese r&b,
taiwan pop,
mandopop,
2-step,
kc indie,metal
new jersey hardcore,metal
new jersey punk,metal
brega funk,latin
twoubadou,
musica cabo-verdiana,
morna,
cape verdean folk,
detroit techno,electronic
techno,electronic
retro soul,soul
black americana,
liverpool indie,indie
german blues,rock
progressive post-hardcore,metal
gbvfi,indie
chabad niggunim,
australian underground hip hop,
swedish singer-songwriter,
swedish americana,
southern metal,metal
pop venezolano,
chicago pop punk,rock
trap cristao,
experimental dubstep,electronic
jazz worship,jazz
fantasy,
gospel blues,rock
halloween,
swedish reggae,
power blues-rock,rock
fado instrumental,
deep ambient,electronic
deep indie rock,indie
downtempo bass,
old-time,rock
dansband,
cameroonian pop,
drift,electronic
modern old-time,rock
musica angolana,
early synthpop,rock
olympia wa indie,indie
hard trance,
